original,cleaned,subreddit,url
Today‚Äôs view of the Singapore track T1 and 2 under construction ,today view singapore track t1 2 construction,formula1,https://i.redd.it/65ph7krcg0df1.jpeg
Snoopy Moonswatch on a Marine Nationale [removed],snoopy moonswatch marine nationale remove,Watches,https://i.redd.it/zpw8kr46aqde1.jpeg
Moving to QR2 after 2 years on QR1 Obligatory box shot,move qr2 2 year qr1 obligatory box shot,simracing,https://i.redd.it/9mai9rmdmr0e1.jpeg
"Philippines President Ferdinand Marcos Jr.‚Äôs sim rig (one of us one of us) 
","philippines president ferdinand marcos jr . sim rig 
",simracing,https://i.redd.it/ktf3y04e2wtd1.jpeg
"Philippines detects first mpox case since start of 2024, yet to determine strain [removed]","philippines detect mpox case start 2024 , determine strain remove",Philippines,https://www.reddit.com/r/Philippines/comments/1ewiuux/philippines_detects_first_mpox_case_since_start/
LH44 Merc @ Petronas Towers Lobby [removed],lh44 merc @ petronas tower lobby remove,formula1,https://i.redd.it/wh6r4v6w3ooc1.jpeg
Turo-turo Name two presidents without naming two presidents,turo - turo president name president,Philippines,https://i.redd.it/fjz4kv8h6cfc1.jpeg
Desperate for 4 tenths -- losing most time on turns 5-6 ,desperate 4 tenth -- lose time turn 5 - 6,GranTurismo7,https://youtu.be/feLuwEIcXQA?si=nTI329NwegJ5zo8I
"67 Fender Serviceman Jaguar Bought by my father on the outskirts of Clark AFB when he was 17 yo, used by me to learn in ‚Äò93. Still have it but fairly unplayable.","67 fender serviceman jaguar buy father outskirt clark afb 17 yo , learn 93 . fairly unplayable .",fender,https://i.redd.it/wc4krksexm1c1.jpg
A bit desperate here. Help me find 3-4 tenths please? üôè Daytona TT ,bit desperate . help find 3 - 4 tenth ? daytona tt,GranTurismo7,https://youtu.be/UtmxWpesSIo?si=7_eTqZXGyAhsRH2_
Pinay cyclist fails doping test in Asian Games ,pinay cyclist fail doping test asian game,Philippines,https://news.abs-cbn.com/sports/10/04/23/pinay-cyclist-fails-doping-test-in-asian-games?fbclid=IwAR1XiqjdvYNWpr4O9pKSG3_wfmJUL9xtuiPb5gVu06cYdq7WnbvkHZsHBKQ_aem_ASDRN5QK9ZtSajiOtOnmNPFDpq3iMz7x2oW9T9St42PFNbdhh14OLVjDLd9B9jV8zJQ
Inside view of a hobby shop in Singapore Not as cramped as the one in Taiwan.,inside view hobby shop singapore cramp taiwan .,modelmakers,https://www.reddit.com/gallery/16redpa
Williams Experience Simrigs (Singapore GP) ,williams experience simrig singapore gp,simracing,https://www.reddit.com/gallery/16hivzp
Teleios sim rig setting up along Orchard Road for F1 weekend ,teleio sim rig set orchard road f1 weekend,simracing,https://i.redd.it/26o0fsy8urmb1.jpg
T13 being prepped for the Singapore GP ,t13 preppe singapore gp,formula1,https://i.redd.it/499tvxf1kfjb1.jpg
GT7 model accuracy Driving the Levin around Nordschleife when I noticed the radio head unit look exactly like the stock radio in Toyotas from the 80s. Diagram on owner‚Äôs manual in next photo.,gt7 model accuracy drive levin nordschleife notice radio head unit look exactly like stock radio toyota 80 . diagram owner manual photo .,GranTurismo7,https://www.reddit.com/gallery/13vbcks
"Maximum FUN @ Daily Race B Deep Forest! Tight, fast, and clean. Must try! ","maximum fun @ daily race b deep forest ! tight , fast , clean . try !",GranTurismo7,https://youtu.be/7xVtYsJ2b7E
McCafe Medium vs Small coffee Apparently its based on mug size rather than volume of coffee,mccafe medium vs small coffee apparently base mug size volume coffee,singapore,https://i.redd.it/vzcm39w1hsza1.jpg
McCafe Small vs Medium Coffee [removed],mccafe small vs medium coffee remove,singapore,https://i.redd.it/2zv48lt0gsza1.jpg
Friday night the races! Tight but relatively clean racing tonight at Daily Race B. Good stuff!,friday night race ! tight relatively clean racing tonight daily race b. good stuff !,GranTurismo7,https://i.redd.it/1qrszu5ty2ya1.jpg
P10 to P1 in one corner. P1 all the way to finish. Gawd I love this sport. ,p10 p1 corner . p1 way finish . gawd love sport .,GranTurismo7,https://youtu.be/vrxKjRnMqno
"Two Pesos in my current wallet In the spirit of the 1 peso bill post. 

This 2 Peso bill has been in my wallet since the late 90s. Don‚Äôt leave home without it!","peso current wallet spirit 1 peso bill post . 

 2 peso bill wallet late 90 . leave home !",Philippines,https://www.reddit.com/gallery/12q4sle
Bumper to bumper clean racing at Daily B last night (safety rating S) ,bumper bumper clean racing daily b night safety rating s,granturismo,https://www.reddit.com/gallery/11z8kpb
"Remembering NU107: ‚ÄúAlways Imitated, Never Duplicated‚Äù ","remember nu107 : imitate , duplicate",Philippines,https://www.esquiremag.ph/culture/music/nu107-radio-station-a2314-20190306-lfrm
Anyone missing a Shi Tzu? (Tondo) ,miss shi tzu ? tondo,Philippines,https://i.redd.it/qfmobcac4a9a1.jpg
Max Verstappen's mother calls out Sergio Perez for cheating in Monaco; fumes F1 twitter ,max verstappen mother call sergio perez cheat monaco ; fume f1 twitter,formula1,https://thesportsrush.com/f1-news-max-verstappens-mother-calls-out-sergio-perez-for-cheating-in-monaco-fumes-f1-twitter/
The Goonies reboot ,goonie reboot,Philippines,https://i.redd.it/xd9uxejauhx91.jpg
"Holding the Alpha Tauri F1 wheel Joined the pitwalk last Sunday, and the Alpha Tauri mechanic was kind enough to let folks hold the wheel. Surprised it felt wildly different from the Fanatec F1 v2.5 üòÖ I need a wheel with these dimensions as the Fanatec now feels like a downscaled version ‚òπÔ∏è","hold alpha tauri f1 wheel join pitwalk sunday , alpha tauri mechanic kind let folk hold wheel . surprised feel wildly different fanatec f1 v2.5 need wheel dimension fanatec feel like downscale version",simracing,https://i.redd.it/ovw8aqdeias91.jpg
Singapore GP: my view of the moment Lando switches from inters to slicks ,singapore gp : view moment lando switch inter slick,formula1,https://i.redd.it/be53cnk63zr91.jpg
Swag from the McLaren Paddock Club experience last weekend Managed to get the orange cap signed by Mika Hakkinen.,swag mclaren paddock club experience weekend manage orange cap sign mika hakkinen .,formula1,https://i.redd.it/y50eyjin4sr91.jpg
SIM rig in McLaren F1‚Äôs hospitality suit at the Singapore GP ,sim rig mclaren f1 hospitality suit singapore gp,simracing,https://i.redd.it/o4etyewwzhr91.jpg
Party party muna ang mga ‚Äúpublic servants‚Äù while the nation wallows in crap ,party party muna ang mga public servant nation wallow crap,Philippines,https://i.redd.it/zkpgzrjofaf91.jpg
"[GEAR] My first and latest guitars (‚Äò67 Serviceman Jag, ‚Äò22 Am Pro 2 Strat) https://imgur.com/a/BjUbUbA

Wanted to just share the axe that made me love guitar in 94, when I was in secondary school, and the latest acquisition that makes me love this instrument even more. The first guitar was a Serviceman Jag my father bought when he was 17 years old. I played this baby till about ‚Äò99 then stopped playing until i picked up learning again in 2020 over the pandemic. I may not have contracted Covid, but am surely positive for GAS now :(  

For those interested, Serviceman guitars were basically fake Fenders produced in Angeles City in the Philippines. They were called such because of their popularity with US servicemen stationed in nearby Clark AFB and Subic Naval Station. I still have the guitar (photo taken just last Feb) but it is currently in unplayable condition. The frets are all rusty, and the neck has finishing peeling off. Hope you enjoy this image of it side by side with my new Strat üòÄ https://imgur.com/a/BjUbUbA","gear late guitar 67 serviceman jag , 22 pro 2 strat 

 want share axe love guitar 94 , secondary school , late acquisition make love instrument . guitar serviceman jag father buy 17 year old . play baby till 99 stop play pick learn 2020 pandemic . contract covid , surely positive gas :  

 interest , serviceman guitar basically fake fender produce angeles city philippine . call popularity servicemen station nearby clark afb subic naval station . guitar photo take feb currently unplayable condition . fret rusty , neck finish peel . hope enjoy image new strat",Guitar,https://www.reddit.com/r/Guitar/comments/vxd8ti/gear_my_first_and_latest_guitars_67_serviceman/
Han Dynasty by day. Handy Nasty by night. ,han dynasty day . handy nasty night .,funny,https://i.redd.it/pyjod76afs591.jpg
Han Dynasty by day. Handy Nasty by night. ,han dynasty day . handy nasty night .,singapore,https://i.redd.it/shwahu0ves591.jpg
Another employer looking for free labor. Think he needs guidance from family and friends. ,employer look free labor . think need guidance family friend .,singapore,https://i.redd.it/pyvhu0bqwx391.jpg
What are the chances r/ph gets banned in the Philippines for being a bastion of the ‚ÄúNPA‚Äù? ,chance r / ph get ban philippine bastion npa ?,Philippines,https://www.reddit.com/r/Philippines/comments/uy5y3i/what_are_the_chances_rph_gets_banned_in_the/
6 years of suffering ba kamo? Don't forget that the Senate and Congress are now rubber stamps.,6 year suffer ba kamo ? forget senate congress rubber stamp .,Philippines,https://www.reddit.com/r/Philippines/comments/un2tvy/6_years_of_suffering_ba_kamo/
Having flashbacks of this guy today ,have flashback guy today,Philippines,https://i.redd.it/kcc48f0vcky81.jpg
The founders of Lil's Hobby Center have passed away ,founder lil hobby center pass away,Philippines,https://www.autoindustriya.com/auto-industry-news/the-founders-of-lil-s-hobby-center-have-passed-away.html
"""Locked by this sub reddit's moderators"" r/BF2402 has sold itself out. ",""" lock sub reddit moderator "" r / bf2402 sell .",battlefield2042,https://i.redd.it/mkukcpm47tc81.jpg
Chavit Singson makes it rain ,chavit singson make rain,Philippines,https://v.redd.it/shibn5z3dg881
Policeman goes to hell‚Ä¶. ,policeman go hell .,Philippines,https://i.redd.it/911qig536h381.jpg
"Hinahanap ka, BBM ","hinahanap ka , bbm",Philippines,https://i.redd.it/a4ssnz3fhg081.jpg
"Screw 2042, sticking with BFV for more of this goodness ","screw 2042 , stick bfv goodness",BattlefieldV,https://www.youtube.com/watch?v=sIpFUbdK3Yc
Photos from the 08 Sepang GP ,photo 08 sepang gp,formula1,https://www.reddit.com/gallery/qu42ag
What‚Äôs a DDS to do when his feed is tickled pink? ,dds feed tickle pink ?,Philippines,https://i.redd.it/6e129vr7mms71.jpg
Handa na ba kayo? Leni to announce soon. ,handa na ba kayo ? leni announce soon .,Philippines,https://i.redd.it/nk7ljg7oqkr71.jpg
The 3 Stooges ,3 stooge,Philippines,https://i.redd.it/5gh5twvsdbp71.jpg
‚ÄúGood propaganda‚Äù ,good propaganda,Philippines,https://i.redd.it/aeu7f7ihuro71.jpg
